-,-,-
AD,"Andorra la Vella",-
AD,Canillo,-
AD,Encamp,-
AD,Escaldes-Engordany,-
AD,Ordino,-
AD,"Sant Julia de Loria",-
AD,"la Massana",-
AE,-,-
AE,"Abu Dhabi",-
AE,Ajman,-
AE,Dubai,-
AE,Fujairah,-
AE,"Ras Al Khaimah",-
AE,Sharjah,-
AE,"Umm Al Quwain",-
AF,-,-
AF,Badakhshan,-
AF,Balkh,-
AF,Bamian,-
AF,Herat,-
AF,Kabol,-
AF,Kandahar,-
AF,Khowst,-
AF,Kondoz,-
AF,Lowgar,-
AF,Nangarhar,-
AF,Nimruz,-
AF,Oruzgan,-
AF,Paktia,-
AF,Parvan,-
AF,Vardak,-
AF,Zabol,-
AG,"Saint John",-
AI,Anguilla,-
AL,Berat,-
AL,Diber,-
AL,Durres,-
AL,Elbasan,-
AL,Fier,-
AL,Korce,-
AL,Kukes,-
AL,Lezhe,-
AL,Shkoder,-
AL,Tirane,-
AL,Vlore,-
AM,-,-
AM,Aragatsotn,-
AM,Ararat,-
AM,Armavir,-
AM,Geghark'unik',-
AM,Kotayk',-
AM,Lorri,-
AM,Shirak,-
AM,Syunik',-
AM,Tavush,-
AM,"Vayots' Dzor",-
AM,Yerevan,-
AO,-,-
AO,Bengo,-
AO,Benguela,-
AO,Bie,-
AO,Cabinda,-
AO,"Cuando Cubango",-
AO,"Cuanza Sul",-
AO,Cunene,-
AO,Huambo,-
AO,Huila,-
AO,Luanda,-
AO,"Lunda Norte",-
AO,"Lunda Sul",-
AO,Malanje,-
AO,Moxico,-
AO,Namibe,-
AO,Uige,-
AO,Zaire,-
AQ,-,-
AR,-,-
AR,"Buenos Aires",-
AR,Catamarca,-
AR,Chaco,-
AR,Chubut,-
AR,Cordoba,-
AR,Corrientes,-
AR,"Distrito Federal",-
AR,"Entre Rios",-
AR,Formosa,-
AR,Jujuy,-
AR,"La Pampa",-
AR,"La Rioja",-
AR,Mendoza,-
AR,Misiones,-
AR,Neuquen,-
AR,"Rio Negro",-
AR,Salta,-
AR,"San Juan",-
AR,"San Luis",-
AR,"Santa Cruz",-
AR,"Santa Fe",-
AR,"Santiago del Estero",-
AR,"Tierra del Fuego",-
AR,Tucuman,-
AS,"Eastern District",-
AS,"Western District",-
AT,-,-
AT,Burgenland,-
AT,Karnten,-
AT,Niederosterreich,-
AT,Oberosterreich,-
AT,Salzburg,-
AT,Steiermark,-
AT,Tirol,-
AT,Vorarlberg,-
AT,Wien,-
AU,-,-
AU,"Australian Capital Territory",-
AU,"New South Wales",-
AU,"Northern Territory",-
AU,Queensland,-
AU,"South Australia",-
AU,Tasmania,-
AU,Victoria,-
AU,"Western Australia",-
AW,"Aruba (general)",-
AX,Eckeroe,-
AX,Hammarland,-
AX,Mariehamn,-
AX,Sund,-
AZ,Abseron,-
AZ,Agcabadi,-
AZ,Agdas,-
AZ,"Ali Bayramli",-
AZ,Baki,-
AZ,Balakan,-
AZ,Bilasuvar,-
AZ,Calilabad,-
AZ,Daskasan,-
AZ,Ganca,-
AZ,Goycay,-
AZ,Haciqabul,-
AZ,Lankaran,-
AZ,Lerik,-
AZ,Masalli,-
AZ,Mingacevir,-
AZ,Naftalan,-
AZ,Naxcivan,-
AZ,Neftcala,-
AZ,Oguz,-
AZ,Qabala,-
AZ,Qax,-
AZ,Qazax,-
AZ,Quba,-
AZ,Qusar,-
AZ,Saki,-
AZ,Salyan,-
AZ,Samaxi,-
AZ,Sumqayit,-
AZ,Tartar,-
AZ,Tovuz,-
AZ,Ucar,-
AZ,Xacmaz,-
AZ,Xankandi,-
AZ,Xanlar,-
AZ,Yevlax,-
AZ,Zaqatala,-
BA,-,-
BA,"Federation of Bosnia and Herzegovina",-
BA,"Republika Srpska",-
BB,"Christ Church",-
BB,"Saint James",-
BB,"Saint Joseph",-
BB,"Saint Michael",-
BB,"Saint Peter",-
BD,-,-
BD,Barisal,-
BD,Chittagong,-
BD,Dhaka,-
BD,Khulna,-
BD,Rajshahi,-
BD,Rangpur,-
BD,Sylhet,-
BE,-,-
BE,Antwerpen,-
BE,"Brabant Wallon",-
BE,"Brussels Hoofdstedelijk Gewest",-
BE,Hainaut,-
BE,Liege,-
BE,Limburg,-
BE,Luxembourg,-
BE,Namur,-
BE,Oost-Vlaanderen,-
BE,Vlaams-Brabant,-
BE,West-Vlaanderen,-
BF,Houet,-
BF,Kadiogo,-
BF,Mouhoun,-
BF,Yatenga,-
BG,-,-
BG,Blagoevgrad,-
BG,Burgas,-
BG,Dobrich,-
BG,Gabrovo,-
BG,"Grad Sofiya",-
BG,Khaskovo,-
BG,Kurdzhali,-
BG,Kyustendil,-
BG,Lovech,-
BG,Montana,-
BG,Pazardzhik,-
BG,Pernik,-
BG,Pleven,-
BG,Plovdiv,-
BG,Razgrad,-
BG,Ruse,-
BG,Shumen,-
BG,Silistra,-
BG,Sliven,-
BG,Smolyan,-
BG,Sofiya,-
BG,"Stara Zagora",-
BG,Turgovishte,-
BG,Varna,-
BG,"Veliko Turnovo",-
BG,Vidin,-
BG,Vratsa,-
BG,Yambol,-
BH,"Al Asimah",-
BH,"Al Muharraq",-
BH,"Al Wusta",-
BH,"Ash Shamaliyah",-
BI,"Bujumbura Mairie",-
BJ,Alibori,-
BJ,Atakora,-
BJ,Atlantique,-
BJ,Borgou,-
BJ,Donga,-
BJ,Littoral,-
BJ,Mono,-
BJ,Oueme,-
BJ,Plateau,-
BJ,Zou,-
BL,"Saint Barthelemy",-
BM,Hamilton,-
BN,Belait,-
BN,"Brunei and Muara",-
BN,Temburong,-
BN,Tutong,-
BO,-,-
BO,Chuquisaca,-
BO,Cochabamba,-
BO,"El Beni",-
BO,"La Paz",-
BO,Oruro,-
BO,Pando,-
BO,Potosi,-
BO,"Santa Cruz",-
BO,Tarija,-
BQ,Bonaire,-
BQ,Saba,-
BR,-,-
BR,Acre,-
BR,Alagoas,-
BR,Amapa,-
BR,Amazonas,-
BR,Bahia,-
BR,Ceara,-
BR,"Distrito Federal",-
BR,"Espirito Santo",-
BR,Goias,-
BR,Maranhao,-
BR,"Mato Grosso do Sul",-
BR,"Mato Grosso",-
BR,"Minas Gerais",-
BR,Para,-
BR,Paraiba,-
BR,Parana,-
BR,Pernambuco,-
BR,Piaui,-
BR,"Rio Grande do Norte",-
BR,"Rio Grande do Sul",-
BR,"Rio de Janeiro",-
BR,Rondonia,-
BR,Roraima,-
BR,"Santa Catarina",-
BR,"Sao Paulo",-
BR,Sergipe,-
BR,Tocantins,-
BS,-,-
BS,Freeport,-
BS,"Fresh Creek",-
BS,"Long Island",-
BS,"Marsh Harbour",-
BS,"New Providence",-
BS,"Rock Sound",-
BT,Chhukha,-
BT,Gasa,-
BT,Mongar,-
BT,Paro,-
BT,Punakha,-
BT,Thimphu,-
BV,-,-
BW,Central,-
BW,Kweneng,-
BW,North-East,-
BW,South-East,-
BY,-,-
BY,"Brestskaya Voblasts'",-
BY,"Homyel'skaya Voblasts'",-
BY,"Hrodzyenskaya Voblasts'",-
BY,"Mahilyowskaya Voblasts'",-
BY,"Minskaya Voblasts'",-
BY,"Vitsyebskaya Voblasts'",-
BZ,Belize,-
BZ,Cayo,-
BZ,Corozal,-
BZ,"Orange Walk",-
BZ,"Stann Creek",-
BZ,Toledo,-
CA,-,-
CA,Alberta,-
CA,"British Columbia",-
CA,Manitoba,-
CA,"New Brunswick",-
CA,"Newfoundland and Labrador",-
CA,"Northwest Territories",-
CA,"Nova Scotia",-
CA,Nunavut,-
CA,Ontario,-
CA,"Prince Edward Island",-
CA,Quebec,-
CA,Saskatchewan,-
CA,"Yukon Territory",-
CD,Bandundu,-
CD,Bas-Congo,-
CD,Equateur,-
CD,Kasai-Occidental,-
CD,Kasai-Oriental,-
CD,Katanga,-
CD,Kinshasa,-
CD,Maniema,-
CD,Nord-Kivu,-
CD,Orientale,-
CD,Sud-Kivu,-
CF,Bangui,-
CF,Ouham,-
CF,Ouham-Pende,-
CG,Brazzaville,-
CG,Cuvette-Ouest,-
CG,Likouala,-
CG,"Republic of the Congo",-
CG,Sangha,-
CH,Aargau,-
CH,Ausser-Rhoden,-
CH,Basel-Landschaft,-
CH,Basel-Stadt,-
CH,Bern,-
CH,Fribourg,-
CH,Geneve,-
CH,Glarus,-
CH,Graubunden,-
CH,Inner-Rhoden,-
CH,Jura,-
CH,Luzern,-
CH,Neuchatel,-
CH,Nidwalden,-
CH,Obwalden,-
CH,"Sankt Gallen",-
CH,Schaffhausen,-
CH,Schwyz,-
CH,Solothurn,-
CH,Thurgau,-
CH,Ticino,-
CH,Uri,-
CH,Valais,-
CH,Vaud,-
CH,Zug,-
CH,Zurich,-
CI,Bas-Sassandra,-
CI,"Dix-Huit Montagnes",-
CI,Fromager,-
CI,Haut-Sassandra,-
CI,Lacs,-
CI,Lagunes,-
CI,Marahoue,-
CI,Moyen-Cavally,-
CI,Moyen-Comoe,-
CI,N'zi-Comoe,-
CI,"Vallee du Bandama",-
CK,"Cook Islands",-
CL,-,-
CL,"Aisen del General Carlos Ibanez del Campo",-
CL,Antofagasta,-
CL,Araucania,-
CL,"Arica y Parinacota",-
CL,Atacama,-
CL,Bio-Bio,-
CL,Coquimbo,-
CL,"Libertador General Bernardo O'Higgins",-
CL,"Los Lagos",-
CL,"Los Rios",-
CL,"Magallanes y de la Antartica Chilena",-
CL,Maule,-
CL,"Region Metropolitana",-
CL,Tarapaca,-
CL,Valparaiso,-
CM,-,-
CM,Adamaoua,-
CM,Centre,-
CM,Est,-
CM,Extreme-Nord,-
CM,Littoral,-
CM,Nord,-
CM,Nord-Ouest,-
CM,Ouest,-
CM,Sud,-
CM,Sud-Ouest,-
CN,-,-
CN,Anhui,-
CN,Beijing,-
CN,Chongqing,-
CN,Fujian,-
CN,Gansu,-
CN,Guangdong,-
CN,Guangxi,-
CN,Guizhou,-
CN,Hainan,-
CN,Hebei,-
CN,Heilongjiang,-
CN,Henan,-
CN,Hubei,-
CN,Hunan,-
CN,Jiangsu,-
CN,Jiangxi,-
CN,Jilin,-
CN,Liaoning,-
CN,"Nei Mongol",-
CN,Ningxia,-
CN,Qinghai,-
CN,Shaanxi,-
CN,Shandong,-
CN,Shanghai,-
CN,Shanxi,-
CN,Sichuan,-
CN,Tianjin,-
CN,Xinjiang,-
CN,Xizang,-
CN,Yunnan,-
CN,Zhejiang,-
CO,-,-
CO,Antioquia,-
CO,Arauca,-
CO,Atlantico,-
CO,Bolivar,-
CO,Boyaca,-
CO,Caldas,-
CO,Caqueta,-
CO,Casanare,-
CO,Cauca,-
CO,Cesar,-
CO,Choco,-
CO,Cordoba,-
CO,Cundinamarca,-
CO,"Distrito Especial",-
CO,Guainia,-
CO,Guaviare,-
CO,Huila,-
CO,"La Guajira",-
CO,Magdalena,-
CO,Meta,-
CO,Narino,-
CO,"Norte de Santander",-
CO,Putumayo,-
CO,Quindio,-
CO,Risaralda,-
CO,"San Andres y Providencia",-
CO,Santander,-
CO,Sucre,-
CO,Tolima,-
CO,"Valle del Cauca",-
CO,Vaupes,-
CR,-,-
CR,Alajuela,-
CR,Cartago,-
CR,Guanacaste,-
CR,Heredia,-
CR,Limon,-
CR,Puntarenas,-
CR,"San Jose",-
CU,Artemisa,-
CU,Camaguey,-
CU,"Ciego de Avila",-
CU,Cienfuegos,-
CU,"Ciudad de la Habana",-
CU,Granma,-
CU,Guantanamo,-
CU,Holguin,-
CU,"Las Tunas",-
CU,Matanzas,-
CU,Mayabeque,-
CU,"Pinar del Rio",-
CU,"Sancti Spiritus",-
CU,"Santiago de Cuba",-
CU,"Villa Clara",-
CV,Praia,-
CV,"Sao Vicente",-
CW,Curacao,-
CX,"Christmas Island",-
CY,Famagusta,-
CY,Kyrenia,-
CY,Larnaca,-
CY,Limassol,-
CY,Nicosia,-
CY,Paphos,-
CZ,-,-
CZ,"Hlavni mesto Praha",-
CZ,"Jihocesky kraj",-
CZ,"Jihomoravsky kraj",-
CZ,"Karlovarsky kraj",-
CZ,"Kralovehradecky kraj",-
CZ,"Liberecky kraj",-
CZ,"Moravskoslezsky kraj",-
CZ,"Olomoucky kraj",-
CZ,"Pardubicky kraj",-
CZ,"Plzensky kraj",-
CZ,"Stredocesky kraj",-
CZ,"Ustecky kraj",-
CZ,"Vysocina kraj",-
CZ,"Zlinsky kraj",-
DE,-,-
DE,Baden-Wurttemberg,-
DE,Bayern,-
DE,Berlin,-
DE,Brandenburg,-
DE,Bremen,-
DE,Hamburg,-
DE,Hessen,-
DE,Mecklenburg-Vorpommern,-
DE,Niedersachsen,-
DE,Nordrhein-Westfalen,-
DE,Rheinland-Pfalz,-
DE,Saarland,-
DE,Sachsen,-
DE,Sachsen-Anhalt,-
DE,Schleswig-Holstein,-
DE,Thuringen,-
DJ,Arta,-
DJ,Djibouti,-
DK,-,-
DK,Hovedstaden,-
DK,Midtjylland,-
DK,Nordjylland,-
DK,Sjelland,-
DK,Syddanmark,-
DM,"Saint David",-
DM,"Saint George",-
DM,"Saint Paul",-
DO,-,-
DO,Azua,-
DO,Baoruco,-
DO,Barahona,-
DO,Dajabon,-
DO,"Distrito Nacional",-
DO,Duarte,-
DO,Espaillat,-
DO,"Hato Mayor",-
DO,Independencia,-
DO,"La Altagracia",-
DO,"La Romana",-
DO,"La Vega",-
DO,"Maria Trinidad Sanchez",-
DO,"Monsenor Nouel",-
DO,"Monte Plata",-
DO,Peravia,-
DO,"Puerto Plata",-
DO,Samana,-
DO,"San Cristobal",-
DO,"San Juan",-
DO,"San Pedro de Macoris",-
DO,"Sanchez Ramirez",-
DO,"Santiago Rodriguez",-
DO,Santiago,-
DO,Valverde,-
DZ,-,-
DZ,Adrar,-
DZ,"Ain Defla",-
DZ,"Ain Temouchent",-
DZ,Alger,-
DZ,Annaba,-
DZ,Batna,-
DZ,Bechar,-
DZ,Bejaia,-
DZ,Biskra,-
DZ,Blida,-
DZ,"Bordj Bou Arreridj",-
DZ,Bouira,-
DZ,Boumerdes,-
DZ,Chlef,-
DZ,Constantine,-
DZ,Djelfa,-
DZ,"El Bayadh",-
DZ,"El Oued",-
DZ,"El Tarf",-
DZ,Ghardaia,-
DZ,Guelma,-
DZ,Khenchela,-
DZ,Laghouat,-
DZ,M'sila,-
DZ,Mascara,-
DZ,Medea,-
DZ,Mila,-
DZ,Mostaganem,-
DZ,Naama,-
DZ,Oran,-
DZ,Ouargla,-
DZ,"Oum el Bouaghi",-
DZ,Relizane,-
DZ,Saida,-
DZ,Setif,-
DZ,"Sidi Bel Abbes",-
DZ,Skikda,-
DZ,"Souk Ahras",-
DZ,Tamanghasset,-
DZ,Tebessa,-
DZ,Tiaret,-
DZ,Tindouf,-
DZ,Tipaza,-
DZ,Tissemsilt,-
DZ,"Tizi Ouzou",-
DZ,Tlemcen,-
EC,-,-
EC,Azuay,-
EC,Bolivar,-
EC,Canar,-
EC,Carchi,-
EC,Chimborazo,-
EC,Cotopaxi,-
EC,"El Oro",-
EC,Esmeraldas,-
EC,Galapagos,-
EC,Guayas,-
EC,Imbabura,-
EC,Loja,-
EC,"Los Rios",-
EC,Manabi,-
EC,Morona-Santiago,-
EC,Napo,-
EC,Orellana,-
EC,Pastaza,-
EC,Pichincha,-
EC,"Santa Elena",-
EC,Sucumbios,-
EC,Tungurahua,-
EC,Zamora-Chinchipe,-
EE,-,-
EE,Harjumaa,-
EE,Hiiumaa,-
EE,Ida-Virumaa,-
EE,Jarvamaa,-
EE,Jogevamaa,-
EE,Laane-Virumaa,-
EE,Laanemaa,-
EE,Parnumaa,-
EE,Polvamaa,-
EE,Raplamaa,-
EE,Saaremaa,-
EE,Tartumaa,-
EE,Valgamaa,-
EE,Viljandimaa,-
EE,Vorumaa,-
EG,-,-
EG,"Ad Daqahliyah",-
EG,"Al Bahr al Ahmar",-
EG,"Al Buhayrah",-
EG,"Al Fayyum",-
EG,"Al Gharbiyah",-
EG,"Al Iskandariyah",-
EG,"Al Isma'iliyah",-
EG,"Al Jizah",-
EG,"Al Minufiyah",-
EG,"Al Minya",-
EG,"Al Qahirah",-
EG,"Al Qalyubiyah",-
EG,"Al Wadi al Jadid",-
EG,"As Suways",-
EG,"Ash Sharqiyah",-
EG,Aswan,-
EG,Asyut,-
EG,"Bani Suwayf",-
EG,"Bur Sa'id",-
EG,Dumyat,-
EG,"Janub Sina'",-
EG,"Kafr ash Shaykh",-
EG,Matruh,-
EG,"Muhafazat al Uqsur",-
EG,Qina,-
EG,"Shamal Sina'",-
EG,Suhaj,-
EH,"Western Sahara",-
ER,Ma'akel,-
ES,-,-
ES,Andalucia,-
ES,Aragon,-
ES,Asturias,-
ES,Canarias,-
ES,Cantabria,-
ES,"Castilla y Leon",-
ES,"Castilla-La Mancha",-
ES,Catalonia,-
ES,Ceuta,-
ES,"Comunidad Valenciana",-
ES,Extremadura,-
ES,Galicia,-
ES,"Islas Baleares",-
ES,"La Rioja",-
ES,Madrid,-
ES,Melilla,-
ES,Murcia,-
ES,Navarra,-
ES,"Pais Vasco",-
ET,-,-
ET,"Adis Abeba",-
ET,Afar,-
ET,Amara,-
ET,"Dire Dawa",-
ET,Oromiya,-
ET,Sumale,-
ET,"YeDebub Biheroch Bihereseboch na Hizboch",-
FI,-,-
FI,"Central Finland",-
FI,"Central Ostrobothnia",-
FI,"Finland Proper",-
FI,Kainuu,-
FI,Kymenlaakso,-
FI,Lapland,-
FI,"North Karelia",-
FI,"Northern Ostrobothnia",-
FI,"Northern Savonia",-
FI,Ostrobothnia,-
FI,Paijat-Hame,-
FI,Pirkanmaa,-
FI,Satakunta,-
FI,"South Karelia",-
FI,"Southern Ostrobothnia",-
FI,"Southern Savonia",-
FI,"Tavastia Proper",-
FI,Uusimaa,-
FJ,Central,-
FJ,Northern,-
FJ,Western,-
FK,"Falkland Islands",-
FM,Pohnpei,-
FM,Yap,-
FO,Eysturoy,-
FO,Nordoyar,-
FO,Streymoy,-
FO,Suduroy,-
FO,Vagar,-
FR,-,-
FR,Alsace,-
FR,Aquitaine,-
FR,Auvergne,-
FR,Basse-Normandie,-
FR,Bourgogne,-
FR,Bretagne,-
FR,Centre,-
FR,Champagne-Ardenne,-
FR,Corse,-
FR,Franche-Comte,-
FR,Haute-Normandie,-
FR,Ile-de-France,-
FR,Languedoc-Roussillon,-
FR,Limousin,-
FR,Lorraine,-
FR,Midi-Pyrenees,-
FR,Nord-Pas-de-Calais,-
FR,"Pays de la Loire",-
FR,Picardie,-
FR,Poitou-Charentes,-
FR,"Provence-Alpes-Cote d'Azur",-
FR,Rhone-Alpes,-
GA,Estuaire,-
GA,Haut-Ogooue,-
GA,Moyen-Ogooue,-
GA,Ngounie,-
GA,Ogooue-Ivindo,-
GA,Ogooue-Lolo,-
GA,Ogooue-Maritime,-
GA,Woleu-Ntem,-
GB,-,-
GB,England,-
GB,"Northern Ireland",-
GB,Scotland,-
GB,Wales,-
GD,"Saint George",-
GD,"Saint John",-
GD,"Saint Patrick",-
GE,-,-
GE,Abkhazia,-
GE,Ajaria,-
GE,"Akhalk'alak'is Raioni",-
GE,"Borjomis Raioni",-
GE,"Goris Raioni",-
GE,Guria,-
GE,Imereti,-
GE,"K'arelis Raioni",-
GE,Kakheti,-
GE,"Khashuris Raioni",-
GE,"Kvemo Kartli",-
GE,Mtskheta-Mtianeti,-
GE,"Racha-Lechkhumi and Kvemo Svaneti",-
GE,"Samegrelo and Zemo Svaneti",-
GE,Samtskhe-Javakheti,-
GE,"Shida Kartli",-
GE,T'bilisi,-
GF,Guyane,-
GG,"Guernsey (general)",-
GH,-,-
GH,Ashanti,-
GH,Brong-Ahafo,-
GH,Central,-
GH,Eastern,-
GH,"Greater Accra",-
GH,Northern,-
GH,"Upper East",-
GH,"Upper West",-
GH,Volta,-
GH,Western,-
GI,Gibraltar,-
GL,-,-
GL,Kujalleq,-
GL,Qaasuitsup,-
GL,Qeqqata,-
GL,Sermersooq,-
GL,Vestgronland,-
GM,Banjul,-
GM,"Central River",-
GM,"Lower River",-
GM,"North Bank",-
GM,Western,-
GN,Conakry,-
GN,Coyah,-
GN,Dabola,-
GN,Dalaba,-
GN,Fria,-
GN,Gueckedou,-
GN,Kankan,-
GN,Kissidougou,-
GN,Kouroussa,-
GN,Labe,-
GN,Macenta,-
GN,Nzerekore,-
GN,Pita,-
GN,Siguiri,-
GP,Guadeloupe,-
GQ,"Bioko Norte",-
GQ,"Bioko Sur",-
GQ,Litoral,-
GQ,Wele-Nzas,-
GR,-,-
GR,"Aitolia kai Akarnania",-
GR,Akhaia,-
GR,Argolis,-
GR,Arkadhia,-
GR,Arta,-
GR,Attiki,-
GR,Dhodhekanisos,-
GR,Drama,-
GR,Evritania,-
GR,Evros,-
GR,Evvoia,-
GR,Florina,-
GR,Fokis,-
GR,Fthiotis,-
GR,Grevena,-
GR,Ilia,-
GR,Imathia,-
GR,Ioannina,-
GR,Iraklion,-
GR,Kardhitsa,-
GR,Kastoria,-
GR,Kavala,-
GR,Kefallinia,-
GR,Kerkira,-
GR,Khalkidhiki,-
GR,Khania,-
GR,Khios,-
GR,Kikladhes,-
GR,Kilkis,-
GR,Korinthia,-
GR,Kozani,-
GR,Lakonia,-
GR,Larisa,-
GR,Lasithi,-
GR,Lesvos,-
GR,Levkas,-
GR,Magnisia,-
GR,Messinia,-
GR,Pella,-
GR,Pieria,-
GR,Preveza,-
GR,Rethimni,-
GR,Rodhopi,-
GR,Samos,-
GR,Serrai,-
GR,Thesprotia,-
GR,Thessaloniki,-
GR,Trikala,-
GR,Voiotia,-
GR,Xanthi,-
GR,Zakinthos,-
GS,"South Georgia and the South Sandwich Islands",-
GT,"Alta Verapaz",-
GT,Chimaltenango,-
GT,Chiquimula,-
GT,"El Progreso",-
GT,Escuintla,-
GT,Guatemala,-
GT,Huehuetenango,-
GT,Izabal,-
GT,Jalapa,-
GT,Jutiapa,-
GT,Peten,-
GT,Quetzaltenango,-
GT,Quiche,-
GT,Retalhuleu,-
GT,Sacatepequez,-
GT,"San Marcos",-
GT,"Santa Rosa",-
GT,Solola,-
GT,Suchitepequez,-
GT,Totonicapan,-
GT,Zacapa,-
GU,"Agana Heights Municipality",-
GU,"Agat Municipality",-
GU,"Asan-Maina Municipality",-
GU,"Barrigada Municipality",-
GU,"Chalan Pago-Ordot Municipality",-
GU,"Dededo Municipality",-
GU,"Hagatna Municipality",-
GU,"Mangilao Municipality",-
GU,"Mongmong-Toto-Maite Municipality",-
GU,"Santa Rita Municipality",-
GU,"Tamuning-Tumon-Harmon Municipality",-
GU,"Yigo Municipality",-
GW,Bissau,-
GY,Demerara-Mahaica,-
GY,"East Berbice-Corentyne",-
GY,"Essequibo Islands-West Demerara",-
HK,"Hong Kong (SAR)",-
HN,-,-
HN,Atlantida,-
HN,Choluteca,-
HN,Colon,-
HN,Comayagua,-
HN,Copan,-
HN,Cortes,-
HN,"El Paraiso",-
HN,"Francisco Morazan",-
HN,Intibuca,-
HN,"Islas de la Bahia",-
HN,"La Paz",-
HN,Lempira,-
HN,Ocotepeque,-
HN,Olancho,-
HN,"Santa Barbara",-
HN,Yoro,-
HR,-,-
HR,Bjelovarsko-Bilogorska,-
HR,Brodsko-Posavska,-
HR,Dubrovacko-Neretvanska,-
HR,"Grad Zagreb",-
HR,Istarska,-
HR,Karlovacka,-
HR,Koprivnicko-Krizevacka,-
HR,Krapinsko-Zagorska,-
HR,Licko-Senjska,-
HR,Medimurska,-
HR,Osjecko-Baranjska,-
HR,Pozesko-Slavonska,-
HR,Primorsko-Goranska,-
HR,Sibensko-Kninska,-
HR,Sisacko-Moslavacka,-
HR,Splitsko-Dalmatinska,-
HR,Varazdinska,-
HR,Viroviticko-Podravska,-
HR,Vukovarsko-Srijemska,-
HR,Zadarska,-
HR,Zagrebacka,-
HT,-,-
HT,Artibonite,-
HT,Centre,-
HT,"Grand' Anse",-
HT,Nord,-
HT,Nord-Est,-
HT,Ouest,-
HT,Sud,-
HT,Sud-Est,-
HU,-,-
HU,Bacs-Kiskun,-
HU,Baranya,-
HU,Bekes,-
HU,Borsod-Abauj-Zemplen,-
HU,Budapest,-
HU,Csongrad,-
HU,Fejer,-
HU,Gyor-Moson-Sopron,-
HU,Hajdu-Bihar,-
HU,Heves,-
HU,Jasz-Nagykun-Szolnok,-
HU,Komarom-Esztergom,-
HU,Nograd,-
HU,Pest,-
HU,Somogy,-
HU,Szabolcs-Szatmar-Bereg,-
HU,Tolna,-
HU,Vas,-
HU,Veszprem,-
HU,Zala,-
ID,-,-
ID,Aceh,-
ID,Bali,-
ID,Banten,-
ID,Bengkulu,-
ID,Gorontalo,-
ID,"Irian Jaya Barat",-
ID,"Jakarta Raya",-
ID,Jambi,-
ID,"Jawa Barat",-
ID,"Jawa Tengah",-
ID,"Jawa Timur",-
ID,"Kalimantan Barat",-
ID,"Kalimantan Selatan",-
ID,"Kalimantan Tengah",-
ID,"Kalimantan Timur",-
ID,"Kepulauan Bangka Belitung",-
ID,"Kepulauan Riau",-
ID,Lampung,-
ID,"Maluku Utara",-
ID,Maluku,-
ID,"Nusa Tenggara Barat",-
ID,"Nusa Tenggara Timur",-
ID,Papua,-
ID,Riau,-
ID,"Sulawesi Barat",-
ID,"Sulawesi Selatan",-
ID,"Sulawesi Tengah",-
ID,"Sulawesi Tenggara",-
ID,"Sulawesi Utara",-
ID,"Sumatera Barat",-
ID,"Sumatera Selatan",-
ID,"Sumatera Utara",-
ID,Yogyakarta,-
IE,-,-
IE,Carlow,-
IE,Cavan,-
IE,Clare,-
IE,Cork,-
IE,Donegal,-
IE,"Dublin City",-
IE,Dublin,-
IE,Fingal,-
IE,Galway,-
IE,Kerry,-
IE,Kildare,-
IE,Kilkenny,-
IE,Laois,-
IE,Leitrim,-
IE,Limerick,-
IE,Longford,-
IE,Louth,-
IE,Mayo,-
IE,Meath,-
IE,Monaghan,-
IE,Offaly,-
IE,Roscommon,-
IE,Sligo,-
IE,"South Dublin",-
IE,"Tipperary North Riding",-
IE,Tipperary,-
IE,Waterford,-
IE,Westmeath,-
IE,Wexford,-
IE,Wicklow,-
IL,HaDarom,-
IL,HaMerkaz,-
IL,HaZafon,-
IL,Hefa,-
IL,"Tel Aviv",-
IL,Yerushalayim,-
IM,"Isle of Man",-
IN,-,-
IN,"Andaman and Nicobar Islands",-
IN,"Andhra Pradesh",-
IN,"Arunachal Pradesh",-
IN,Assam,-
IN,Bihar,-
IN,Chandigarh,-
IN,Chhattisgarh,-
IN,"Dadra and Nagar Haveli",-
IN,"Daman and Diu",-
IN,Delhi,-
IN,Goa,-
IN,Gujarat,-
IN,Haryana,-
IN,"Himachal Pradesh",-
IN,"Jammu and Kashmir",-
IN,Jharkhand,-
IN,Karnataka,-
IN,Kerala,-
IN,Lakshadweep,-
IN,"Madhya Pradesh",-
IN,Maharashtra,-
IN,Manipur,-
IN,Meghalaya,-
IN,Mizoram,-
IN,Nagaland,-
IN,Orissa,-
IN,Puducherry,-
IN,Punjab,-
IN,Rajasthan,-
IN,Sikkim,-
IN,"Tamil Nadu",-
IN,Telangana,-
IN,Tripura,-
IN,"Uttar Pradesh",-
IN,Uttarakhand,-
IN,"West Bengal",-
IO,"British Indian Ocean Territory",-
IQ,"Al Anbar",-
IQ,"Al Basrah",-
IQ,"Al Muthanna",-
IQ,"Al Qadisiyah",-
IQ,"An Najaf",-
IQ,Arbil,-
IQ,"As Sulaymaniyah",-
IQ,"At Ta'mim",-
IQ,Babil,-
IQ,Baghdad,-
IQ,Dahuk,-
IQ,"Dhi Qar",-
IQ,Diyala,-
IQ,Karbala',-
IQ,Maysan,-
IQ,Ninawa,-
IQ,"Salah ad Din",-
IQ,Wasit,-
IR,-,-
IR,Alborz,-
IR,Ardabil,-
IR,"Azarbayjan-e Sharqi",-
IR,Bakhtaran,-
IR,Bushehr,-
IR,"Chahar Mahall va Bakhtiari",-
IR,Esfahan,-
IR,Fars,-
IR,Gilan,-
IR,Golestan,-
IR,Hamadan,-
IR,Hormozgan,-
IR,Ilam,-
IR,Kerman,-
IR,"Khorasan-e Janubi",-
IR,"Khorasan-e Razavi",-
IR,"Khorasan-e Shemali",-
IR,Khuzestan,-
IR,"Kohkiluyeh va Buyer Ahmadi",-
IR,Kordestan,-
IR,Lorestan,-
IR,Markazi,-
IR,Mazandaran,-
IR,"Ostan-e Azarbayjan-e Gharbi",-
IR,Qazvin,-
IR,Qom,-
IR,Semnan,-
IR,"Sistan va Baluchestan",-
IR,Tehran,-
IR,Yazd,-
IR,Zanjan,-
IS,-,-
IS,Austurland,-
IS,Hofuoborgarsvaoio,-
IS,"Norourland Eystra",-
IS,"Norourland Vestra",-
IS,Suourland,-
IS,Suournes,-
IS,Vestfiroir,-
IS,Vesturland,-
IT,-,-
IT,Abruzzi,-
IT,Basilicata,-
IT,Calabria,-
IT,Campania,-
IT,Emilia-Romagna,-
IT,"Friuli-Venezia Giulia",-
IT,Lazio,-
IT,Liguria,-
IT,Lombardia,-
IT,Marche,-
IT,Molise,-
IT,Piemonte,-
IT,Puglia,-
IT,Sardegna,-
IT,Sicilia,-
IT,Toscana,-
IT,"Trentino-Alto Adige",-
IT,Umbria,-
IT,"Valle d'Aosta",-
IT,Veneto,-
JE,Jersey,-
JM,Clarendon,-
JM,Hanover,-
JM,Kingston,-
JM,Manchester,-
JM,Portland,-
JM,"Saint Andrew",-
JM,"Saint Ann",-
JM,"Saint Catherine",-
JM,"Saint Elizabeth",-
JM,"Saint James",-
JM,"Saint Thomas",-
JM,Trelawny,-
JM,Westmoreland,-
JO,'Amman,-
JO,-,-
JO,"Al 'Aqabah",-
JO,"Al Balqa'",-
JO,"Al Karak",-
JO,"Al Mafraq",-
JO,"Az Zarqa'",-
JO,Irbid,-
JO,Ma'an,-
JO,Madaba,-
JP,-,-
JP,Aichi,-
JP,Akita,-
JP,Aomori,-
JP,Chiba,-
JP,Ehime,-
JP,Fukui,-
JP,Fukuoka,-
JP,Fukushima,-
JP,Gifu,-
JP,Gumma,-
JP,Hiroshima,-
JP,Hokkaido,-
JP,Hyogo,-
JP,Ibaraki,-
JP,Ishikawa,-
JP,Iwate,-
JP,Kagawa,-
JP,Kagoshima,-
JP,Kanagawa,-
JP,Kochi,-
JP,Kumamoto,-
JP,Kyoto,-
JP,Mie,-
JP,Miyagi,-
JP,Miyazaki,-
JP,Nagano,-
JP,Nagasaki,-
JP,Nara,-
JP,Niigata,-
JP,Oita,-
JP,Okayama,-
JP,Okinawa,-
JP,Osaka,-
JP,Saga,-
JP,Saitama,-
JP,Shiga,-
JP,Shimane,-
JP,Shizuoka,-
JP,Tochigi,-
JP,Tokushima,-
JP,Tokyo,-
JP,Tottori,-
JP,Toyama,-
JP,Wakayama,-
JP,Yamagata,-
JP,Yamaguchi,-
JP,Yamanashi,-
KE,-,-
KE,Central,-
KE,Coast,-
KE,Eastern,-
KE,"Nairobi Area",-
KE,North-Eastern,-
KE,Nyanza,-
KE,"Rift Valley",-
KE,Western,-
KG,-,-
KG,Batken,-
KG,Bishkek,-
KG,Chuy,-
KG,Jalal-Abad,-
KG,Naryn,-
KG,Osh,-
KG,Talas,-
KG,Ysyk-Kol,-
KH,-,-
KH,"Banteay Meanchey",-
KH,Battambang,-
KH,"Kampong Cham",-
KH,"Kampong Chhnang",-
KH,"Kampong Thom",-
KH,Kampot,-
KH,Kandal,-
KH,Kratie,-
KH,"Phnom Penh",-
KH,"Preah Sihanouk",-
KH,Pursat,-
KH,"Siem Reap",-
KH,Takeo,-
KI,"Gilbert Islands",-
KM,Anjouan,-
KM,"Grande Comore",-
KN,"Saint George Basseterre",-
KN,"Saint Paul Charlestown",-
KP,P'yongyang-si,-
KR,-,-
KR,Ch'ungch'ong-bukto,-
KR,Ch'ungch'ong-namdo,-
KR,Cheju-do,-
KR,Cholla-bukto,-
KR,Cholla-namdo,-
KR,Inch'on-jikhalsi,-
KR,Kangwon-do,-
KR,Kwangju-jikhalsi,-
KR,Kyonggi-do,-
KR,Kyongsang-bukto,-
KR,Kyongsang-namdo,-
KR,Pusan-jikhalsi,-
KR,Seoul-t'ukpyolsi,-
KR,Taegu-jikhalsi,-
KR,Taejon-jikhalsi,-
KR,Ulsan-gwangyoksi,-
KW,-,-
KW,"Al Ahmadi",-
KW,"Al Asimah",-
KW,"Al Farwaniyah",-
KW,"Al Jahra",-
KW,Hawalli,-
KW,"Mubarak al Kabir",-
KY,"Cayman Islands",-
KZ,-,-
KZ,"Almaty City",-
KZ,Almaty,-
KZ,Aqmola,-
KZ,Aqtobe,-
KZ,Astana,-
KZ,Atyrau,-
KZ,"East Kazakhstan",-
KZ,Mangghystau,-
KZ,"North Kazakhstan",-
KZ,Pavlodar,-
KZ,Qaraghandy,-
KZ,Qostanay,-
KZ,Qyzylorda,-
KZ,"South Kazakhstan",-
KZ,"West Kazakhstan",-
KZ,Zhambyl,-
LA,-,-
LA,Bolikhamxai,-
LA,Champasak,-
LA,"Kampheng Nakhon Viangchan",-
LA,"Khoueng Phongsali",-
LA,"Khoueng Savannakhet",-
LA,"Khoueng Viangchan",-
LA,Louangphrabang,-
LA,Oudomxai,-
LA,Xiangkhoang,-
LB,Aakk,-
LB,Baalbek-Hermel,-
LB,Beqaa,-
LB,Beyrouth,-
LB,Liban-Nord,-
LB,Liban-Sud,-
LB,Mont-Liban,-
LB,Nabatiye,-
LC,Castries,-
LC,Gros-Islet,-
LC,Laborie,-
LC,Soufriere,-
LC,Vieux-Fort,-
LI,Balzers,-
LI,Eschen,-
LI,Mauren,-
LI,Ruggell,-
LI,Schaan,-
LI,Triesen,-
LI,Triesenberg,-
LI,Vaduz,-
LK,-,-
LK,Central,-
LK,"North Central",-
LK,"North Western",-
LK,Northern,-
LK,Sabaragamuwa,-
LK,Southern,-
LK,Uva,-
LK,Western,-
LR,"Grand Bassa",-
LR,"Grand Gedeh",-
LR,Maryland,-
LR,Montserrado,-
LR,Nimba,-
LR,Sino,-
LS,Butha-Buthe,-
LS,Maseru,-
LS,Quthing,-
LT,-,-
LT,"Alytaus Apskritis",-
LT,"Kauno Apskritis",-
LT,"Klaipedos Apskritis",-
LT,"Marijampoles Apskritis",-
LT,"Panevezio Apskritis",-
LT,"Siauliu Apskritis",-
LT,"Taurages Apskritis",-
LT,"Telsiu Apskritis",-
LT,"Utenos Apskritis",-
LT,"Vilniaus Apskritis",-
LU,Diekirch,-
LU,Grevenmacher,-
LU,Luxembourg,-
LV,-,-
LV,Adazu,-
LV,Aglonas,-
LV,Aizkraukles,-
LV,Alojas,-
LV,Aluksnes,-
LV,Babites,-
LV,Balvu,-
LV,Bauskas,-
LV,Beverinas,-
LV,Carnikavas,-
LV,Cesu,-
LV,Daugavpils,-
LV,Dobeles,-
LV,Dundagas,-
LV,Gulbenes,-
LV,Jaunpiebalgas,-
LV,Jaunpils,-
LV,Jekabpils,-
LV,Jelgava,-
LV,Jelgavas,-
LV,Jurmala,-
LV,Kekavas,-
LV,Kokneses,-
LV,Kraslavas,-
LV,Kuldigas,-
LV,Liepaja,-
LV,Liepajas,-
LV,Limbazu,-
LV,Lubanas,-
LV,Ludzas,-
LV,Madonas,-
LV,Malpils,-
LV,Ogres,-
LV,Olaines,-
LV,Ozolnieku,-
LV,Preilu,-
LV,Rezeknes,-
LV,Riga,-
LV,Rigas,-
LV,Ropazu,-
LV,Salacgrivas,-
LV,Saldus,-
LV,Siguldas,-
LV,Skrundas,-
LV,Stopinu,-
LV,Talsu,-
LV,Tukuma,-
LV,Valkas,-
LV,Valmieras,-
LV,Vecumnieku,-
LV,Ventspils,-
LY,-,-
LY,"Al Butnan",-
LY,"Al Jabal al Akhdar",-
LY,"Al Jifarah",-
LY,"Al Jufrah",-
LY,"Al Marj",-
LY,"Al Marqab",-
LY,"Al Wahat",-
LY,"An Nuqat al Khams",-
LY,"Az Zawiyah",-
LY,Benghazi,-
LY,Darnah,-
LY,Misratah,-
LY,Murzuq,-
LY,Sabha,-
LY,Tripoli,-
MA,-,-
MA,Chaouia-Ouardigha,-
MA,Doukkala-Abda,-
MA,Fes-Boulemane,-
MA,"Gharb-Chrarda-Beni Hssen",-
MA,"Grand Casablanca",-
MA,"Guelmim-Es Smara",-
MA,"Marrakech-Tensift-Al Haouz",-
MA,Meknes-Tafilalet,-
MA,Oriental,-
MA,Rabat-Sale-Zemmour-Zaer,-
MA,Souss-Massa-Dr,-
MA,Tadla-Azilal,-
MA,Tanger-Tetouan,-
MA,"Taza-Al Hoceima-Taounate",-
MC,Monaco,-
MD,-,-
MD,"Anenii Noi",-
MD,Balti,-
MD,Bender,-
MD,Briceni,-
MD,Cahul,-
MD,Calarasi,-
MD,Cantemir,-
MD,Chisinau,-
MD,Cimislia,-
MD,Criuleni,-
MD,Donduseni,-
MD,Drochia,-
MD,Edinet,-
MD,Falesti,-
MD,Floresti,-
MD,Gagauzia,-
MD,Hincesti,-
MD,Ialoveni,-
MD,Leova,-
MD,Nisporeni,-
MD,Ocnita,-
MD,Orhei,-
MD,Riscani,-
MD,Singerei,-
MD,Soroca,-
MD,Stefan-Voda,-
MD,"Stinga Nistrului",-
MD,Straseni,-
MD,Telenesti,-
MD,Ungheni,-
ME,-,-
ME,"Opstina Bar",-
ME,"Opstina Budva",-
ME,"Opstina Cetinje",-
ME,"Opstina Danilovgrad",-
ME,"Opstina Herceg Novi",-
ME,"Opstina Kotor",-
ME,"Opstina Mojkovac",-
ME,"Opstina Niksic",-
ME,"Opstina Podgorica",-
ME,"Opstina Tivat",-
ME,"Opstina Ulcinj",-
ME,"Opstina Zabljak",-
MF,"Saint Martin",-
MG,-,-
MG,Antananarivo,-
MG,Antsiranana,-
MG,Fianarantsoa,-
MG,Mahajanga,-
MG,Toamasina,-
MG,Toliara,-
MH,"Ailuk Atoll",-
MH,"Enewetak Atoll",-
MH,"Kwajalein Atoll",-
MH,"Majuro Atoll",-
MK,-,-
MK,Aracinovo,-
MK,Berovo,-
MK,Bitola,-
MK,Blatec,-
MK,Bogdanci,-
MK,Bogovinje,-
MK,Bosilovo,-
MK,Brvenica,-
MK,Centar,-
MK,Debar,-
MK,Delcevo,-
MK,"Demir Hisar",-
MK,"Dolna Banjica",-
MK,"Gazi Baba",-
MK,Gevgelija,-
MK,Gostivar,-
MK,Ilinden,-
MK,Kamenjane,-
MK,Karpos,-
MK,Kavadarci,-
MK,Kicevo,-
MK,"Kisela Voda",-
MK,Kocani,-
MK,Kondovo,-
MK,Kratovo,-
MK,"Kriva Palanka",-
MK,Krusevo,-
MK,Kumanovo,-
MK,Lukovo,-
MK,"Makedonski Brod",-
MK,Miravci,-
MK,Negotino,-
MK,Negotino-Polosko,-
MK,"Novo Selo",-
MK,Ohrid,-
MK,Prilep,-
MK,Probistip,-
MK,Radovis,-
MK,Resen,-
MK,Rostusa,-
MK,Saraj,-
MK,Sopiste,-
MK,Stip,-
MK,Struga,-
MK,Strumica,-
MK,Studenicani,-
MK,"Suto Orizari",-
MK,"Sveti Nikole",-
MK,Tearce,-
MK,Tetovo,-
MK,Vasilevo,-
MK,Veles,-
MK,Velesta,-
MK,Vinica,-
MK,Vrapciste,-
MK,Vratnica,-
MK,Zajas,-
MK,Zelenikovo,-
MK,Zelino,-
ML,-,-
ML,Bamako,-
ML,Gao,-
ML,Kayes,-
ML,Kidal,-
ML,Koulikoro,-
ML,Mopti,-
ML,Segou,-
ML,Sikasso,-
ML,Tombouctou,-
MM,-,-
MM,"Karan State",-
MM,Magwe,-
MM,Mandalay,-
MM,"Mon State",-
MM,Sagaing,-
MM,"Shan State",-
MM,Yangon,-
MN,Darhan-Uul,-
MN,Govi-Altay,-
MN,Hovsgol,-
MN,Omnogovi,-
MN,Orhon,-
MN,Ulaanbaatar,-
MO,Macau,-
MP,"Northern Mariana Islands",-
MQ,Martinique,-
MR,Assaba,-
MR,"Dakhlet Nouadhibou",-
MR,"Hodh Ech Chargui",-
MR,Inchiri,-
MR,Nouakchott,-
MS,"Saint Anthony",-
MS,"Saint Peter",-
MT,Malta,-
MU,"Black River",-
MU,Flacq,-
MU,"Grand Port",-
MU,Mauritius,-
MU,Moka,-
MU,Pamplemousses,-
MU,"Plaines Wilhems",-
MU,"Port Louis",-
MU,"Riviere du Rempart",-
MV,Alifu,-
MV,Baa,-
MV,"Haa Alifu",-
MV,"Haa Dhaalu",-
MV,Kaafu,-
MV,Laamu,-
MV,Maale,-
MV,Meemu,-
MV,Noonu,-
MV,Seenu,-
MV,Thaa,-
MW,Balaka,-
MW,Blantyre,-
MW,Lilongwe,-
MW,Machinga,-
MW,Mangochi,-
MW,Mzimba,-
MW,Ntchisi,-
MW,Salima,-
MW,Zomba,-
MX,-,-
MX,Aguascalientes,-
MX,"Baja California Sur",-
MX,"Baja California",-
MX,Campeche,-
MX,Chiapas,-
MX,Chihuahua,-
MX,"Coahuila de Zaragoza",-
MX,Colima,-
MX,"Distrito Federal",-
MX,Durango,-
MX,Guanajuato,-
MX,Guerrero,-
MX,Hidalgo,-
MX,Jalisco,-
MX,Mexico,-
MX,"Michoacan de Ocampo",-
MX,Morelos,-
MX,Nayarit,-
MX,"Nuevo Leon",-
MX,Oaxaca,-
MX,Puebla,-
MX,"Queretaro de Arteaga",-
MX,"Quintana Roo",-
MX,"San Luis Potosi",-
MX,Sinaloa,-
MX,Sonora,-
MX,Tabasco,-
MX,Tamaulipas,-
MX,Tlaxcala,-
MX,Veracruz-Llave,-
MX,Yucatan,-
MX,Zacatecas,-
MY,-,-
MY,Johor,-
MY,Kedah,-
MY,Kelantan,-
MY,"Kuala Lumpur",-
MY,Labuan,-
MY,Melaka,-
MY,"Negeri Sembilan",-
MY,Pahang,-
MY,Perak,-
MY,Perlis,-
MY,"Pulau Pinang",-
MY,Putrajaya,-
MY,Sabah,-
MY,Sarawak,-
MY,Selangor,-
MY,Terengganu,-
MZ,-,-
MZ,"Cabo Delgado",-
MZ,Gaza,-
MZ,Inhambane,-
MZ,Manica,-
MZ,Maputo,-
MZ,Nampula,-
MZ,Niassa,-
MZ,Sofala,-
MZ,Tete,-
MZ,Zambezia,-
NA,-,-
NA,Caprivi,-
NA,Erongo,-
NA,Hardap,-
NA,Kaokoland,-
NA,Karas,-
NA,Kunene,-
NA,Ohangwena,-
NA,Okavango,-
NA,Omaheke,-
NA,Oshana,-
NA,Oshikoto,-
NA,Otjiwarongo,-
NA,Otjozondjupa,-
NA,Windhoek,-
NC,-,-
NC,"Province Nord",-
NC,"Province Sud",-
NE,Agadez,-
NE,Diffa,-
NE,Niamey,-
NE,Tahoua,-
NE,Zinder,-
NF,"Norfolk Island",-
NG,-,-
NG,Abia,-
NG,Adamawa,-
NG,"Akwa Ibom",-
NG,Anambra,-
NG,Bauchi,-
NG,Bayelsa,-
NG,Benue,-
NG,Borno,-
NG,"Cross River",-
NG,Delta,-
NG,Ebonyi,-
NG,Edo,-
NG,Ekiti,-
NG,Enugu,-
NG,"Federal Capital Territory",-
NG,Gombe,-
NG,Imo,-
NG,Jigawa,-
NG,Kaduna,-
NG,Kano,-
NG,Katsina,-
NG,Kebbi,-
NG,Kogi,-
NG,Kwara,-
NG,Lagos,-
NG,Nassarawa,-
NG,Niger,-
NG,Ogun,-
NG,Ondo,-
NG,Osun,-
NG,Oyo,-
NG,Plateau,-
NG,Rivers,-
NG,Sokoto,-
NG,Taraba,-
NG,Yobe,-
NG,Zamfara,-
NI,-,-
NI,"Autonoma Atlantico Norte",-
NI,Boaco,-
NI,Carazo,-
NI,Chinandega,-
NI,Chontales,-
NI,Esteli,-
NI,Granada,-
NI,Jinotega,-
NI,Leon,-
NI,Managua,-
NI,Masaya,-
NI,Matagalpa,-
NI,"Nueva Segovia",-
NI,"Region Autonoma Atlantico Sur",-
NI,Rivas,-
NL,-,-
NL,Drenthe,-
NL,Flevoland,-
NL,Friesland,-
NL,Gelderland,-
NL,Groningen,-
NL,Limburg,-
NL,Noord-Brabant,-
NL,Noord-Holland,-
NL,Overijssel,-
NL,Utrecht,-
NL,Zeeland,-
NL,Zuid-Holland,-
NO,-,-
NO,Akershus,-
NO,Aust-Agder,-
NO,Buskerud,-
NO,Finnmark,-
NO,Hedmark,-
NO,Hordaland,-
NO,"More og Romsdal",-
NO,Nord-Trondelag,-
NO,Nordland,-
NO,Oppland,-
NO,Oslo,-
NO,Ostfold,-
NO,Rogaland,-
NO,"Sogn og Fjordane",-
NO,Sor-Trondelag,-
NO,Telemark,-
NO,Troms,-
NO,Vest-Agder,-
NO,Vestfold,-
NP,-,-
NP,Bagmati,-
NP,Bheri,-
NP,Dhawalagiri,-
NP,Gandaki,-
NP,Janakpur,-
NP,Kosi,-
NP,Lumbini,-
NP,Mechi,-
NP,Narayani,-
NP,Sagarmatha,-
NP,Seti,-
NR,Yaren,-
NU,Niue,-
NZ,-,-
NZ,Auckland,-
NZ,"Bay of Plenty",-
NZ,Canterbury,-
NZ,Gisborne,-
NZ,"Hawke's Bay",-
NZ,Manawatu-Wanganui,-
NZ,Marlborough,-
NZ,Nelson,-
NZ,Northland,-
NZ,Otago,-
NZ,Southland,-
NZ,Taranaki,-
NZ,Tasman,-
NZ,Waikato,-
NZ,Wellington,-
NZ,"West Coast",-
OM,-,-
OM,"Ad Dakhiliyah",-
OM,"Ad Dhahirah",-
OM,"Al Batinah",-
OM,"Al Buraymi",-
OM,"Al Wusta",-
OM,"Ash Sharqiyah",-
OM,"Az Zahirah",-
OM,Masqat,-
OM,Musandam,-
OM,Zufar,-
PA,-,-
PA,"Bocas del Toro",-
PA,Chiriqui,-
PA,Cocle,-
PA,Colon,-
PA,Herrera,-
PA,"Los Santos",-
PA,Panama,-
PA,"San Blas",-
PA,Veraguas,-
PE,-,-
PE,Ancash,-
PE,Apurimac,-
PE,Arequipa,-
PE,Ayacucho,-
PE,Cajamarca,-
PE,Callao,-
PE,Cusco,-
PE,Huancavelica,-
PE,Huanuco,-
PE,Ica,-
PE,Junin,-
PE,"La Libertad",-
PE,Lambayeque,-
PE,Lima,-
PE,Loreto,-
PE,"Madre de Dios",-
PE,Moquegua,-
PE,Pasco,-
PE,Piura,-
PE,"Provincia de Lima",-
PE,Puno,-
PE,"San Martin",-
PE,Tacna,-
PE,Tumbes,-
PE,Ucayali,-
PF,"Iles Sous-le-Vent",-
PF,"Iles du Vent",-
PG,"East New Britain",-
PG,Madang,-
PG,Manus,-
PG,"Milne Bay",-
PG,Morobe,-
PG,"National Capital",-
PG,"North Solomons",-
PG,"West New Britain",-
PH,-,-
PH,Abra,-
PH,"Agusan del Norte",-
PH,"Agusan del Sur",-
PH,Aklan,-
PH,Albay,-
PH,Angeles,-
PH,Antique,-
PH,Aurora,-
PH,Bacolod,-
PH,Baguio,-
PH,Bataan,-
PH,Batanes,-
PH,"Batangas City",-
PH,Batangas,-
PH,Benguet,-
PH,Bohol,-
PH,Bukidnon,-
PH,Bulacan,-
PH,Butuan,-
PH,Cabanatuan,-
PH,"Cagayan de Oro",-
PH,Cagayan,-
PH,Calbayog,-
PH,Caloocan,-
PH,"Camarines Norte",-
PH,"Camarines Sur",-
PH,Camiguin,-
PH,Capiz,-
PH,Catanduanes,-
PH,"Cavite City",-
PH,Cavite,-
PH,Cebu,-
PH,Cotabato,-
PH,Danao,-
PH,Dapitan,-
PH,"Davao City",-
PH,"Davao Oriental",-
PH,"Davao del Sur",-
PH,Davao,-
PH,Dipolog,-
PH,Dumaguete,-
PH,"Eastern Samar",-
PH,"General Santos",-
PH,Gingoog,-
PH,Iligan,-
PH,"Ilocos Norte",-
PH,"Ilocos Sur",-
PH,"Iloilo City",-
PH,Iloilo,-
PH,Iriga,-
PH,Isabela,-
PH,Kalinga-Apayao,-
PH,"La Carlota",-
PH,"La Union",-
PH,Laguna,-
PH,"Lanao del Norte",-
PH,"Lanao del Sur",-
PH,Laoag,-
PH,Lapu-Lapu,-
PH,Legaspi,-
PH,Leyte,-
PH,Lipa,-
PH,Lucena,-
PH,Maguindanao,-
PH,Mandaue,-
PH,Manila,-
PH,Marawi,-
PH,Marinduque,-
PH,Masbate,-
PH,"Mindoro Occidental",-
PH,"Mindoro Oriental",-
PH,"Misamis Occidental",-
PH,"Misamis Oriental",-
PH,Mountain,-
PH,Naga,-
PH,"Negros Occidental",-
PH,"Negros Oriental",-
PH,"North Cotabato",-
PH,"Northern Samar",-
PH,"Nueva Ecija",-
PH,"Nueva Vizcaya",-
PH,Olongapo,-
PH,Ormoc,-
PH,Ozamis,-
PH,Palawan,-
PH,Pampanga,-
PH,Pangasinan,-
PH,"Puerto Princesa",-
PH,Quezon,-
PH,Quirino,-
PH,Rizal,-
PH,Romblon,-
PH,Roxas,-
PH,Samar,-
PH,"San Carlos",-
PH,"San Pablo",-
PH,Siquijor,-
PH,Sorsogon,-
PH,"South Cotabato",-
PH,"Southern Leyte",-
PH,"Sultan Kudarat",-
PH,Sulu,-
PH,"Surigao del Norte",-
PH,"Surigao del Sur",-
PH,Surigao,-
PH,Tacloban,-
PH,Tagaytay,-
PH,Tagbilaran,-
PH,Tangub,-
PH,Tarlac,-
PH,Tawitawi,-
PH,Toledo,-
PH,"Trece Martires",-
PH,Zambales,-
PH,"Zamboanga del Norte",-
PH,"Zamboanga del Sur",-
PH,Zamboanga,-
PK,-,-
PK,"Azad Kashmir",-
PK,Balochistan,-
PK,"Federally Administered Tribal Areas",-
PK,Islamabad,-
PK,"North-West Frontier",-
PK,"Northern Areas",-
PK,Punjab,-
PK,Sindh,-
PL,-,-
PL,Dolnoslaskie,-
PL,Kujawsko-Pomorskie,-
PL,Lodzkie,-
PL,Lubelskie,-
PL,Lubuskie,-
PL,Malopolskie,-
PL,Mazowieckie,-
PL,Opolskie,-
PL,Podkarpackie,-
PL,Podlaskie,-
PL,Pomorskie,-
PL,Slaskie,-
PL,Swietokrzyskie,-
PL,Warminsko-Mazurskie,-
PL,Wielkopolskie,-
PL,Zachodniopomorskie,-
PM,"Saint Pierre and Miquelon",-
PN,"Pitcairn Islands",-
PR,Adjuntas,-
PR,Aguada,-
PR,Aguadilla,-
PR,"Aguas Buenas",-
PR,Aibonito,-
PR,Anasco,-
PR,Arecibo,-
PR,Arroyo,-
PR,Barceloneta,-
PR,Barranquitas,-
PR,Bayamon,-
PR,"Cabo Rojo",-
PR,Caguas,-
PR,Camuy,-
PR,Canovanas,-
PR,Carolina,-
PR,Catano,-
PR,Cayey,-
PR,Ceiba,-
PR,Ciales,-
PR,Cidra,-
PR,Coamo,-
PR,Comerio,-
PR,Corozal,-
PR,Dorado,-
PR,Fajardo,-
PR,Florida,-
PR,Guanica,-
PR,Guayama,-
PR,Guaynabo,-
PR,Gurabo,-
PR,Hatillo,-
PR,Hormigueros,-
PR,Humacao,-
PR,Isabela,-
PR,"Juana Diaz",-
PR,Lajas,-
PR,Lares,-
PR,"Las Piedras",-
PR,Loiza,-
PR,Luquillo,-
PR,Manati,-
PR,Maunabo,-
PR,Mayaguez,-
PR,Moca,-
PR,Morovis,-
PR,"Municipio de Jayuya",-
PR,"Municipio de Juncos",-
PR,Naguabo,-
PR,Naranjito,-
PR,Patillas,-
PR,Penuelas,-
PR,Ponce,-
PR,Quebradillas,-
PR,Rincon,-
PR,"Rio Grande",-
PR,"Sabana Grande",-
PR,Salinas,-
PR,"San German",-
PR,"San Juan",-
PR,"San Lorenzo",-
PR,"San Sebastian",-
PR,"Santa Isabel Municipio",-
PR,"Toa Alta",-
PR,"Toa Baja",-
PR,"Trujillo Alto",-
PR,Utuado,-
PR,"Vega Alta",-
PR,"Vega Baja",-
PR,Vieques,-
PR,Villalba,-
PR,Yabucoa,-
PR,Yauco,-
PS,Gaza,-
PS,"West Bank",-
PT,-,-
PT,Aveiro,-
PT,Azores,-
PT,Beja,-
PT,Braga,-
PT,Braganca,-
PT,"Castelo Branco",-
PT,Coimbra,-
PT,Evora,-
PT,Faro,-
PT,Guarda,-
PT,Leiria,-
PT,Lisboa,-
PT,Madeira,-
PT,Portalegre,-
PT,Porto,-
PT,Santarem,-
PT,Setubal,-
PT,"Viana do Castelo",-
PT,"Vila Real",-
PT,Viseu,-
PW,Airai,-
PW,Koror,-
PW,Melekeok,-
PY,-,-
PY,"Alto Parana",-
PY,Asuncion,-
PY,Boqueron,-
PY,Caaguazu,-
PY,Caazapa,-
PY,Canindeyu,-
PY,Central,-
PY,Guaira,-
PY,Itapua,-
PY,Misiones,-
PY,Neembucu,-
PY,"Presidente Hayes",-
QA,"Ad Dawhah",-
QA,"Al Khawr",-
QA,"Al Wakrah",-
QA,"Ar Rayyan",-
QA,"Az Za'ayin",-
QA,"Madinat ach Shamal",-
QA,"Umm Salal",-
RE,Reunion,-
RO,-,-
RO,Alba,-
RO,Arad,-
RO,Arges,-
RO,Bacau,-
RO,Bihor,-
RO,Bistrita-Nasaud,-
RO,Botosani,-
RO,Braila,-
RO,Brasov,-
RO,Bucuresti,-
RO,Buzau,-
RO,Calarasi,-
RO,Caras-Severin,-
RO,Cluj,-
RO,Constanta,-
RO,Covasna,-
RO,Dambovita,-
RO,Dolj,-
RO,Galati,-
RO,Giurgiu,-
RO,Gorj,-
RO,Harghita,-
RO,Hunedoara,-
RO,Ialomita,-
RO,Iasi,-
RO,Ilfov,-
RO,Maramures,-
RO,Mehedinti,-
RO,Mures,-
RO,Neamt,-
RO,Olt,-
RO,Prahova,-
RO,Salaj,-
RO,"Satu Mare",-
RO,Sibiu,-
RO,Suceava,-
RO,Teleorman,-
RO,Timis,-
RO,Tulcea,-
RO,Valcea,-
RO,Vaslui,-
RO,Vrancea,-
RS,-,-
RS,"Central Serbia",-
RS,Kosovo,-
RS,Vojvodina,-
RU,-,-
RU,Adygeya,-
RU,"Altaisky krai",-
RU,Amur,-
RU,Arkhangelsk,-
RU,Astrakhan',-
RU,Bashkortostan,-
RU,Belgorod,-
RU,Bryansk,-
RU,Buryat,-
RU,Chechnya,-
RU,Chelyabinsk,-
RU,Chukot,-
RU,Chuvashia,-
RU,Dagestan,-
RU,Gorno-Altay,-
RU,Ingush,-
RU,Irkutsk,-
RU,Ivanovo,-
RU,Kabardin-Balkar,-
RU,Kaliningrad,-
RU,Kalmyk,-
RU,Kaluga,-
RU,Kamchatka,-
RU,Karachay-Cherkess,-
RU,Karelia,-
RU,Kemerovo,-
RU,Khabarovsk,-
RU,Khakass,-
RU,Khanty-Mansiy,-
RU,Kirov,-
RU,Komi,-
RU,Kostroma,-
RU,Krasnodar,-
RU,"Krasnoyarskiy Kray",-
RU,Kurgan,-
RU,Kursk,-
RU,Leningrad,-
RU,Lipetsk,-
RU,Magadan,-
RU,Mariy-El,-
RU,Mordovia,-
RU,"Moscow City",-
RU,Moskva,-
RU,Murmansk,-
RU,Nenets,-
RU,Nizhegorod,-
RU,"North Ossetia",-
RU,Novgorod,-
RU,Novosibirsk,-
RU,Omsk,-
RU,Orel,-
RU,Orenburg,-
RU,Penza,-
RU,Perm',-
RU,"Permskiy Kray",-
RU,Primor'ye,-
RU,Pskov,-
RU,Rostov,-
RU,Ryazan',-
RU,"Saint Petersburg City",-
RU,Sakha,-
RU,Sakhalin,-
RU,Samara,-
RU,Saratov,-
RU,Smolensk,-
RU,Stavropol',-
RU,Sverdlovsk,-
RU,"Tambovskaya oblast",-
RU,Tatarstan,-
RU,Tomsk,-
RU,Tula,-
RU,Tuva,-
RU,Tver',-
RU,Tyumen',-
RU,Udmurt,-
RU,Ul'yanovsk,-
RU,Vladimir,-
RU,Volgograd,-
RU,Vologda,-
RU,Voronezh,-
RU,Yamal-Nenets,-
RU,Yaroslavl',-
RU,Yevrey,-
RU,Zabaykalsky,-
RW,Est,-
RW,Kigali,-
SA,-,-
SA,"Al Bahah",-
SA,"Al Hudud ash Shamaliyah",-
SA,"Al Jawf",-
SA,"Al Madinah",-
SA,"Al Qasim",-
SA,"Ar Riyad",-
SA,"Ash Sharqiyah",-
SA,Asir,-
SA,Ha'il,-
SA,Jizan,-
SA,Makkah,-
SA,Najran,-
SA,Tabuk,-
SB,-,-
SB,Guadalcanal,-
SB,Western,-
SC,"English River",-
SD,-,-
SD,Gedarif,-
SD,Gezira,-
SD,Kassala,-
SD,Khartoum,-
SD,"North Darfur",-
SD,"North Kordufan",-
SD,Northern,-
SD,"Red Sea",-
SD,"River Nile",-
SD,"South Darfur",-
SD,"White Nile",-
SE,-,-
SE,"Blekinge Lan",-
SE,"Dalarnas Lan",-
SE,"Gavleborgs Lan",-
SE,"Gotlands Lan",-
SE,"Hallands Lan",-
SE,"Jamtlands Lan",-
SE,"Jonkopings Lan",-
SE,"Kalmar Lan",-
SE,"Kronobergs Lan",-
SE,"Norrbottens Lan",-
SE,"Orebro Lan",-
SE,"Ostergotlands Lan",-
SE,"Skane Lan",-
SE,"Sodermanlands Lan",-
SE,"Stockholms Lan",-
SE,"Uppsala Lan",-
SE,"Varmlands Lan",-
SE,"Vasterbottens Lan",-
SE,"Vasternorrlands Lan",-
SE,"Vastmanlands Lan",-
SE,"Vastra Gotaland",-
SG,Singapore,-
SH,"Saint Helena",-
SI,-,-
SI,Ajdovscina,-
SI,Bled,-
SI,Bohinj,-
SI,Borovnica,-
SI,Bovec,-
SI,Brezice,-
SI,Brezovica,-
SI,Celje,-
SI,Cerknica,-
SI,Cerkno,-
SI,Crensovci,-
SI,Crnomelj,-
SI,Destrnik,-
SI,Divaca,-
SI,Domzale,-
SI,Dravograd,-
SI,"Gornja Radgona",-
SI,Grosuplje,-
SI,Hoce-Slivnica,-
SI,Horjul,-
SI,Hrastnik,-
SI,Idrija,-
SI,Ig,-
SI,"Ilirska Bistrica",-
SI,"Ivancna Gorica",-
SI,Izola-Isola,-
SI,Jesenice,-
SI,Kamnik,-
SI,Kanal,-
SI,Kidricevo,-
SI,Kobarid,-
SI,Kocevje,-
SI,Koper-Capodistria,-
SI,Kranj,-
SI,"Kranjska Gora",-
SI,Krsko,-
SI,Lasko,-
SI,Lenart,-
SI,Lendava,-
SI,Litija,-
SI,Ljubljana,-
SI,Ljutomer,-
SI,Logatec,-
SI,"Lovrenc na Pohorju",-
SI,Maribor,-
SI,Medvode,-
SI,Menges,-
SI,Metlika,-
SI,Mezica,-
SI,"Miklavz na Dravskem Polju",-
SI,Miren-Kostanjevica,-
SI,Mislinja,-
SI,Mozirje,-
SI,"Murska Sobota",-
SI,Muta,-
SI,"Nova Gorica",-
SI,"Novo Mesto",-
SI,Odranci,-
SI,Oplotnica,-
SI,Ormoz,-
SI,Piran,-
SI,Pivka,-
SI,Poljcane,-
SI,Polzela,-
SI,Postojna,-
SI,Prebold,-
SI,Prevalje,-
SI,Ptuj,-
SI,Racam,-
SI,Radece,-
SI,Radenci,-
SI,"Radlje ob Dravi",-
SI,Radovljica,-
SI,"Ravne na Koroskem",-
SI,Ribnica,-
SI,"Rogaska Slatina",-
SI,Ruse,-
SI,Sempeter-Vrtojba,-
SI,Sencur,-
SI,Sentilj,-
SI,"Sentjur pri Celju",-
SI,Sevnica,-
SI,Sezana,-
SI,"Skofja Loka",-
SI,Skofljica,-
SI,"Slovenj Gradec",-
SI,"Slovenska Bistrica",-
SI,"Slovenske Konjice",-
SI,Sostanj,-
SI,Store,-
SI,Straza,-
SI,Tolmin,-
SI,Trbovlje,-
SI,Trebnje,-
SI,Trzic,-
SI,Trzin,-
SI,Turnisce,-
SI,Velenje,-
SI,Vipava,-
SI,Vodice,-
SI,Vojnik,-
SI,Vrhnika,-
SI,Vuzenica,-
SI,"Zagorje ob Savi",-
SI,Zalec,-
SI,Zelezniki,-
SI,Ziri,-
SI,Zrece,-
SI,Zuzemberk,-
SJ,"Svalbard and Jan Mayen",-
SK,-,-
SK,"Banska Bystrica",-
SK,Bratislava,-
SK,Kosice,-
SK,Nitra,-
SK,Presov,-
SK,Trencin,-
SK,Trnava,-
SK,Zilina,-
SL,Eastern,-
SL,Northern,-
SL,"Western Area",-
SM,Acquaviva,-
SM,"San Marino",-
SM,Serravalle,-
SN,Dakar,-
SN,Fatick,-
SN,Kaffrine,-
SN,Kaolack,-
SN,Kolda,-
SN,Louga,-
SN,Matam,-
SN,Saint-Louis,-
SN,Tambacounda,-
SN,Thies,-
SN,Ziguinchor,-
SO,-,-
SO,Banaadir,-
SO,Bari,-
SO,Togdheer,-
SO,"Woqooyi Galbeed",-
SR,-,-
SR,Nickerie,-
SR,Paramaribo,-
SR,Wanica,-
SS,"Central Equatoria",-
SS,"Eastern Equatoria",-
SS,Unity,-
SS,"Upper Nile",-
SS,"Western Equatoria",-
ST,"Sao Tome",-
SV,-,-
SV,Ahuachapan,-
SV,Cabanas,-
SV,Chalatenango,-
SV,Cuscatlan,-
SV,"La Libertad",-
SV,"La Paz",-
SV,"La Union",-
SV,Morazan,-
SV,"San Miguel",-
SV,"San Salvador",-
SV,"San Vicente",-
SV,"Santa Ana",-
SV,Sonsonate,-
SV,Usulutan,-
SX,"Sint Maarten",-
SY,-,-
SY,"Al Hasakah",-
SY,"Al Ladhiqiyah",-
SY,"As Suwayda'",-
SY,Dar,-
SY,"Dayr az Zawr",-
SY,Dimashq,-
SY,Halab,-
SY,Hamah,-
SY,Hims,-
SY,Idlib,-
SY,"Rif Dimashq",-
SY,Tartus,-
SZ,-,-
SZ,Hhohho,-
SZ,Lubombo,-
SZ,Manzini,-
TC,"Turks and Caicos Islands",-
TD,Chari-Baguirmi,-
TD,Guera,-
TD,Hadjer-Lamis,-
TD,"Logone Occidental",-
TD,"Mayo-Kebbi Est",-
TD,Ouaddai,-
TF,"French Southern and Antarctic Lands",-
TG,-,-
TG,Kara,-
TG,Maritime,-
TH,-,-
TH,"Amnat Charoen",-
TH,"Ang Thong",-
TH,Buriram,-
TH,Chachoengsao,-
TH,"Chai Nat",-
TH,Chaiyaphum,-
TH,Chanthaburi,-
TH,"Chiang Mai",-
TH,"Chiang Rai",-
TH,"Chon Buri",-
TH,Chumphon,-
TH,Kalasin,-
TH,"Kamphaeng Phet",-
TH,Kanchanaburi,-
TH,"Khon Kaen",-
TH,Krabi,-
TH,"Krung Thep",-
TH,Lampang,-
TH,Lamphun,-
TH,Loei,-
TH,"Lop Buri",-
TH,"Mae Hong Son",-
TH,"Maha Sarakham",-
TH,Mukdahan,-
TH,"Nakhon Nayok",-
TH,"Nakhon Pathom",-
TH,"Nakhon Phanom",-
TH,"Nakhon Ratchasima",-
TH,"Nakhon Sawan",-
TH,"Nakhon Si Thammarat",-
TH,Nan,-
TH,Narathiwat,-
TH,"Nong Bua Lamphu",-
TH,"Nong Khai",-
TH,Nonthaburi,-
TH,"Pathum Thani",-
TH,Pattani,-
TH,Phangnga,-
TH,Phatthalung,-
TH,Phayao,-
TH,Phetchabun,-
TH,Phetchaburi,-
TH,Phichit,-
TH,Phitsanulok,-
TH,"Phra Nakhon Si Ayutthaya",-
TH,Phrae,-
TH,Phuket,-
TH,"Prachin Buri",-
TH,"Prachuap Khiri Khan",-
TH,Ranong,-
TH,Ratchaburi,-
TH,Rayong,-
TH,"Roi Et",-
TH,"Sa Kaeo",-
TH,"Sakon Nakhon",-
TH,"Samut Prakan",-
TH,"Samut Sakhon",-
TH,"Samut Songkhram",-
TH,Saraburi,-
TH,Satun,-
TH,"Sing Buri",-
TH,Sisaket,-
TH,Songkhla,-
TH,Sukhothai,-
TH,"Suphan Buri",-
TH,"Surat Thani",-
TH,Surin,-
TH,Tak,-
TH,Trang,-
TH,Trat,-
TH,"Ubon Ratchathani",-
TH,"Udon Thani",-
TH,"Uthai Thani",-
TH,Uttaradit,-
TH,Yala,-
TH,Yasothon,-
TJ,Khatlon,-
TJ,Sughd,-
TJ,Tajikistan,-
TK,Tokelau,-
TL,Timor-Leste,-
TM,Ahal,-
TM,Dashoguz,-
TN,-,-
TN,Aiana,-
TN,"Al Mahdia",-
TN,"Al Munastir",-
TN,Bajah,-
TN,"Ben Arous",-
TN,Bizerte,-
TN,"El Kef",-
TN,Gabes,-
TN,Gafsa,-
TN,Jendouba,-
TN,Kairouan,-
TN,Kasserine,-
TN,Kebili,-
TN,Madanin,-
TN,Manouba,-
TN,Nabeul,-
TN,Sfax,-
TN,"Sidi Bou Zid",-
TN,Siliana,-
TN,Sousse,-
TN,Tataouine,-
TN,Tozeur,-
TN,Tunis,-
TN,Zaghouan,-
TO,Tongatapu,-
TR,-,-
TR,Adana,-
TR,Adiyaman,-
TR,Afyonkarahisar,-
TR,Agri,-
TR,Aksaray,-
TR,Amasya,-
TR,Ankara,-
TR,Antalya,-
TR,Ardahan,-
TR,Artvin,-
TR,Aydin,-
TR,Balikesir,-
TR,Bartin,-
TR,Batman,-
TR,Bayburt,-
TR,Bilecik,-
TR,Bingol,-
TR,Bitlis,-
TR,Bolu,-
TR,Burdur,-
TR,Bursa,-
TR,Canakkale,-
TR,Cankiri,-
TR,Corum,-
TR,Denizli,-
TR,Diyarbakir,-
TR,Duzce,-
TR,Edirne,-
TR,Elazig,-
TR,Erzincan,-
TR,Erzurum,-
TR,Eskisehir,-
TR,Gaziantep,-
TR,Giresun,-
TR,Gumushane,-
TR,Hakkari,-
TR,Hatay,-
TR,Igdir,-
TR,Isparta,-
TR,Istanbul,-
TR,Izmir,-
TR,Kahramanmaras,-
TR,Karabuk,-
TR,Karaman,-
TR,Kars,-
TR,Kastamonu,-
TR,Kayseri,-
TR,Kilis,-
TR,Kirikkale,-
TR,Kirklareli,-
TR,Kirsehir,-
TR,Kocaeli,-
TR,Konya,-
TR,Kutahya,-
TR,Malatya,-
TR,Manisa,-
TR,Mardin,-
TR,Mersin,-
TR,Mugla,-
TR,Mus,-
TR,Nevsehir,-
TR,Nigde,-
TR,Ordu,-
TR,Osmaniye,-
TR,Rize,-
TR,Sakarya,-
TR,Samsun,-
TR,Sanliurfa,-
TR,Siirt,-
TR,Sinop,-
TR,Sirnak,-
TR,Sivas,-
TR,Tekirdag,-
TR,Tokat,-
TR,Trabzon,-
TR,Tunceli,-
TR,Usak,-
TR,Van,-
TR,Yalova,-
TR,Yozgat,-
TR,Zonguldak,-
TT,Arima,-
TT,Mayaro,-
TT,Port-of-Spain,-
TT,"Saint Andrew",-
TT,"Saint George",-
TT,"San Fernando",-
TT,Tobago,-
TT,"Trinidad and Tobago",-
TT,Victoria,-
TV,Tuvalu,-
TW,-,-
TW,Fu-chien,-
TW,Kao-hsiung,-
TW,T'ai-pei,-
TW,T'ai-wan,-
TZ,-,-
TZ,Arusha,-
TZ,"Dar es Salaam",-
TZ,Dodoma,-
TZ,Iringa,-
TZ,Kagera,-
TZ,Kigoma,-
TZ,Kilimanjaro,-
TZ,Lindi,-
TZ,Mara,-
TZ,Mbeya,-
TZ,Morogoro,-
TZ,Mtwara,-
TZ,Mwanza,-
TZ,"Pemba South",-
TZ,Pwani,-
TZ,Ruvuma,-
TZ,Shinyanga,-
TZ,Singida,-
TZ,Tabora,-
TZ,Tanga,-
TZ,"Zanzibar North",-
TZ,"Zanzibar Urban",-
UA,-,-
UA,"Cherkas'ka Oblast'",-
UA,"Chernihivs'ka Oblast'",-
UA,"Chernivets'ka Oblast'",-
UA,"Dnipropetrovs'ka Oblast'",-
UA,"Donets'ka Oblast'",-
UA,"Ivano-Frankivs'ka Oblast'",-
UA,"Kharkivs'ka Oblast'",-
UA,"Khersons'ka Oblast'",-
UA,"Khmel'nyts'ka Oblast'",-
UA,"Kirovohrads'ka Oblast'",-
UA,Krym,-
UA,Kyyiv,-
UA,"Kyyivs'ka Oblast'",-
UA,"L'vivs'ka Oblast'",-
UA,"Luhans'ka Oblast'",-
UA,"Mykolayivs'ka Oblast'",-
UA,"Odes'ka Oblast'",-
UA,"Poltavs'ka Oblast'",-
UA,"Rivnens'ka Oblast'",-
UA,Sevastopol',-
UA,"Sums'ka Oblast'",-
UA,"Ternopil's'ka Oblast'",-
UA,"Vinnyts'ka Oblast'",-
UA,"Volyns'ka Oblast'",-
UA,"Zakarpats'ka Oblast'",-
UA,"Zaporiz'ka Oblast'",-
UA,"Zhytomyrs'ka Oblast'",-
UG,Gulu,-
UG,"Kampala District",-
UG,Kampala,-
UG,Tororo,-
UG,Wakiso,-
UM,"Palmyra Atoll",-
US,-,-
US,Alabama,AL
US,Alaska,AK
US,Arizona,AZ
US,Arkansas,AR
US,California,CA
US,Colorado,CO
US,Connecticut,CT
US,Delaware,DE
US,"District Of Columbia",DC
US,Florida,FL
US,Georgia,GA
US,Hawaii,HI
US,Idaho,ID
US,Illinois,IL
US,Indiana,IN
US,Iowa,IA
US,Kansas,KS
US,Kentucky,KY
US,Louisiana,LA
US,Maine,ME
US,Maryland,MD
US,Massachusetts,MA
US,Michigan,MI
US,Minnesota,MN
US,Mississippi,MS
US,Missouri,MO
US,Montana,MT
US,Nebraska,NE
US,Nevada,NV
US,"New Hampshire",NH
US,"New Jersey",NJ
US,"New Mexico",NM
US,"New York",NY
US,"North Carolina",NC
US,"North Dakota",ND
US,Ohio,OH
US,Oklahoma,OK
US,Oregon,OR
US,Pennsylvania,PA
US,"Rhode Island",RI
US,"South Carolina",SC
US,"South Dakota",SD
US,Tennessee,TN
US,Texas,TX
US,Utah,UT
US,Vermont,VT
US,Virginia,VA
US,Washington,WA
US,"West Virginia",WV
US,Wisconsin,WI
US,Wyoming,WY
UY,-,-
UY,Artigas,-
UY,Canelones,-
UY,Colonia,-
UY,Durazno,-
UY,Flores,-
UY,Lavalleja,-
UY,Maldonado,-
UY,Montevideo,-
UY,Paysandu,-
UY,Rocha,-
UY,Salto,-
UY,"San Jose",-
UY,Soriano,-
UY,Tacuarembo,-
UZ,-,-
UZ,Andijon,-
UZ,Farghona,-
UZ,Namangan,-
UZ,Nawoiy,-
UZ,Qashqadaryo,-
UZ,Samarqand,-
UZ,Sirdaryo,-
UZ,"Toshkent Shahri",-
UZ,Toshkent,-
VA,"Vatican City",-
VC,Charlotte,-
VC,"Saint George",-
VE,-,-
VE,Amazonas,-
VE,Anzoategui,-
VE,Apure,-
VE,Aragua,-
VE,Barinas,-
VE,Bolivar,-
VE,Carabobo,-
VE,Cojedes,-
VE,"Delta Amacuro",-
VE,"Distrito Federal",-
VE,Falcon,-
VE,Guarico,-
VE,Lara,-
VE,Merida,-
VE,Miranda,-
VE,Monagas,-
VE,"Nueva Esparta",-
VE,Portuguesa,-
VE,Sucre,-
VE,Tachira,-
VE,Trujillo,-
VE,Vargas,-
VE,Yaracuy,-
VE,Zulia,-
VG,"British Virgin Islands",-
VI,-,-
VI,"Virgin Islands",-
VN,-,-
VN,"An Giang",-
VN,"Ba Ria-Vung Tau",-
VN,"Ben Tre",-
VN,"Binh Dinh",-
VN,"Binh Thuan",-
VN,"Can Tho",-
VN,"Cao Bang",-
VN,"Da Nang",-
VN,"Dak Lak",-
VN,"Dien Bien",-
VN,"Dong Nai",-
VN,"Dong Thap",-
VN,"Ha Giang",-
VN,"Ha Nam",-
VN,"Ha Noi",-
VN,"Ha Tay",-
VN,"Ha Tinh",-
VN,"Hai Duong",-
VN,"Hai Phong",-
VN,"Ho Chi Minh",-
VN,"Hoa Binh",-
VN,"Hung Yen",-
VN,"Khanh Hoa",-
VN,"Kien Giang",-
VN,"Kon Tum",-
VN,"Lai Chau",-
VN,"Lam Dong",-
VN,"Lang Son",-
VN,"Lao Cai",-
VN,"Long An",-
VN,"Nam Dinh",-
VN,"Nam Ha",-
VN,"Nghe An",-
VN,"Ninh Binh",-
VN,"Ninh Thuan",-
VN,"Phu Tho",-
VN,"Phu Yen",-
VN,"Quang Binh",-
VN,"Quang Nam",-
VN,"Quang Ngai",-
VN,"Quang Ninh",-
VN,"Quang Tri",-
VN,"Soc Trang",-
VN,"Son La",-
VN,"Song Be",-
VN,"Tay Ninh",-
VN,"Thai Binh",-
VN,"Thai Nguyen",-
VN,"Thanh Hoa",-
VN,"Thua Thien",-
VN,"Tien Giang",-
VN,"Tra Vinh",-
VN,"Tuyen Quang",-
VN,"Vinh Long",-
VN,"Vinh Phu",-
VN,"Vinh Puc Province",-
VU,Shefa,-
VU,Tafea,-
WF,"Wallis and Futuna Islands",-
WS,Tuamasaga,-
YE,-,-
YE,Abyan,-
YE,"Ad Dali",-
YE,Adan,-
YE,"Al Hudaydah",-
YE,"Amanat Al Asimah",-
YE,Amran,-
YE,Dhamar,-
YE,Hadramawt,-
YE,Ibb,-
YE,Sa'dah,-
YE,San'a',-
YE,Taizz,-
YT,Mamoudzou,-
ZA,-,-
ZA,"Eastern Cape",-
ZA,"Free State",-
ZA,Gauteng,-
ZA,KwaZulu-Natal,-
ZA,Limpopo,-
ZA,Mpumalanga,-
ZA,North-West,-
ZA,"Northern Cape",-
ZA,"Western Cape",-
ZM,-,-
ZM,Central,-
ZM,Copperbelt,-
ZM,Eastern,-
ZM,Luapula,-
ZM,Lusaka,-
ZM,North-Western,-
ZM,Northern,-
ZM,Southern,-
ZM,Western,-
ZW,Bulawayo,-
ZW,Harare,-
ZW,Manicaland,-
ZW,"Mashonaland Central",-
ZW,"Mashonaland East",-
ZW,"Mashonaland West",-
ZW,Masvingo,-
ZW,"Matabeleland North",-
ZW,"Matabeleland South",-
ZW,Midlands,-
